--------------------------------------------------------
--  파일이 생성됨 - 수요일-10월-06-2021   
--------------------------------------------------------
--------------------------------------------------------
--  DDL for Table TBL_CART
--------------------------------------------------------

  CREATE TABLE "SUBWAY"."TBL_CART" 
   (	"CNO" NUMBER, 
	"USERID" VARCHAR2(50 BYTE), 
	"PNO" NUMBER, 
	"CSIZE" VARCHAR2(50 BYTE), 
	"BREAD" VARCHAR2(50 BYTE), 
	"TOASTING" VARCHAR2(50 BYTE), 
	"CHEESE" VARCHAR2(50 BYTE), 
	"CHOPTION" VARCHAR2(50 BYTE), 
	"VEGE" VARCHAR2(50 BYTE), 
	"SAUCE" VARCHAR2(50 BYTE), 
	"ADDOPTION" VARCHAR2(50 BYTE), 
	"MOPTION" VARCHAR2(50 BYTE), 
	"SETOPTION" VARCHAR2(50 BYTE), 
	"USERADDRESS" VARCHAR2(200 BYTE)
   ) SEGMENT CREATION IMMEDIATE 
  PCTFREE 10 PCTUSED 40 INITRANS 1 MAXTRANS 255 NOCOMPRESS LOGGING
  STORAGE(INITIAL 65536 NEXT 1048576 MINEXTENTS 1 MAXEXTENTS 2147483645
  PCTINCREASE 0 FREELISTS 1 FREELIST GROUPS 1 BUFFER_POOL DEFAULT FLASH_CACHE DEFAULT CELL_FLASH_CACHE DEFAULT)
  TABLESPACE "SYSTEM" ;
--------------------------------------------------------
--  DDL for Table TBL_ATTACH
--------------------------------------------------------

  CREATE TABLE "SUBWAY"."TBL_ATTACH" 
   (	"UUID" VARCHAR2(200 BYTE), 
	"UPLOADPATH" VARCHAR2(200 BYTE), 
	"FILENAME" VARCHAR2(200 BYTE), 
	"FILETYPE" CHAR(1 BYTE), 
	"NNO" NUMBER(10,0)
   ) SEGMENT CREATION IMMEDIATE 
  PCTFREE 10 PCTUSED 40 INITRANS 1 MAXTRANS 255 NOCOMPRESS LOGGING
  STORAGE(INITIAL 65536 NEXT 1048576 MINEXTENTS 1 MAXEXTENTS 2147483645
  PCTINCREASE 0 FREELISTS 1 FREELIST GROUPS 1 BUFFER_POOL DEFAULT FLASH_CACHE DEFAULT CELL_FLASH_CACHE DEFAULT)
  TABLESPACE "SYSTEM" ;
--------------------------------------------------------
--  DDL for Table PERSISTENT_LOGINS
--------------------------------------------------------

  CREATE TABLE "SUBWAY"."PERSISTENT_LOGINS" 
   (	"USERNAME" VARCHAR2(64 BYTE), 
	"SERIES" VARCHAR2(64 BYTE), 
	"TOKEN" VARCHAR2(64 BYTE), 
	"LAST_USED" TIMESTAMP (6)
   ) SEGMENT CREATION IMMEDIATE 
  PCTFREE 10 PCTUSED 40 INITRANS 1 MAXTRANS 255 NOCOMPRESS LOGGING
  STORAGE(INITIAL 65536 NEXT 1048576 MINEXTENTS 1 MAXEXTENTS 2147483645
  PCTINCREASE 0 FREELISTS 1 FREELIST GROUPS 1 BUFFER_POOL DEFAULT FLASH_CACHE DEFAULT CELL_FLASH_CACHE DEFAULT)
  TABLESPACE "SYSTEM" ;
--------------------------------------------------------
--  DDL for Table TBL_STORE
--------------------------------------------------------

  CREATE TABLE "SUBWAY"."TBL_STORE" 
   (	"SNO" NUMBER(10,0), 
	"SNAME" VARCHAR2(20 BYTE), 
	"SADRESS" VARCHAR2(100 BYTE), 
	"STEL" VARCHAR2(20 BYTE), 
	"LATITUDE" NUMBER(25,20), 
	"HARDNESS" NUMBER(25,20)
   ) SEGMENT CREATION IMMEDIATE 
  PCTFREE 10 PCTUSED 40 INITRANS 1 MAXTRANS 255 NOCOMPRESS LOGGING
  STORAGE(INITIAL 65536 NEXT 1048576 MINEXTENTS 1 MAXEXTENTS 2147483645
  PCTINCREASE 0 FREELISTS 1 FREELIST GROUPS 1 BUFFER_POOL DEFAULT FLASH_CACHE DEFAULT CELL_FLASH_CACHE DEFAULT)
  TABLESPACE "SYSTEM" ;
--------------------------------------------------------
--  DDL for Table TBL_NOTICE
--------------------------------------------------------

  CREATE TABLE "SUBWAY"."TBL_NOTICE" 
   (	"NNO" NUMBER, 
	"TITLE" VARCHAR2(200 BYTE), 
	"CONTENT" VARCHAR2(2000 BYTE), 
	"REGDATE" DATE DEFAULT sysdate, 
	"URL" VARCHAR2(200 BYTE)
   ) SEGMENT CREATION IMMEDIATE 
  PCTFREE 10 PCTUSED 40 INITRANS 1 MAXTRANS 255 NOCOMPRESS LOGGING
  STORAGE(INITIAL 65536 NEXT 1048576 MINEXTENTS 1 MAXEXTENTS 2147483645
  PCTINCREASE 0 FREELISTS 1 FREELIST GROUPS 1 BUFFER_POOL DEFAULT FLASH_CACHE DEFAULT CELL_FLASH_CACHE DEFAULT)
  TABLESPACE "SYSTEM" ;
--------------------------------------------------------
--  DDL for Table TBL_USER
--------------------------------------------------------

  CREATE TABLE "SUBWAY"."TBL_USER" 
   (	"USERID" VARCHAR2(50 BYTE), 
	"USERPW" VARCHAR2(100 BYTE), 
	"USERNAME" VARCHAR2(50 BYTE), 
	"USEREMAIL" VARCHAR2(50 BYTE), 
	"USERADDRESS" VARCHAR2(200 BYTE), 
	"REGDATE" DATE DEFAULT sysdate, 
	"AUTH" VARCHAR2(50 BYTE), 
	"ENABLED" CHAR(1 BYTE) DEFAULT '1'
   ) SEGMENT CREATION IMMEDIATE 
  PCTFREE 10 PCTUSED 40 INITRANS 1 MAXTRANS 255 NOCOMPRESS LOGGING
  STORAGE(INITIAL 65536 NEXT 1048576 MINEXTENTS 1 MAXEXTENTS 2147483645
  PCTINCREASE 0 FREELISTS 1 FREELIST GROUPS 1 BUFFER_POOL DEFAULT FLASH_CACHE DEFAULT CELL_FLASH_CACHE DEFAULT)
  TABLESPACE "SYSTEM" ;
REM INSERTING into SUBWAY.TBL_CART
SET DEFINE OFF;
Insert into SUBWAY.TBL_CART (CNO,USERID,PNO,CSIZE,BREAD,TOASTING,CHEESE,CHOPTION,VEGE,SAUCE,ADDOPTION,MOPTION,SETOPTION,USERADDRESS) values (21,'123456',110,'15','허니오트','토스팅','아메리칸치즈','슈레드치즈','양상추','랜치','에그마요','스파이시 쉬림프','단품','서울 구로 디지털로32가길 98');
REM INSERTING into SUBWAY.TBL_ATTACH
SET DEFINE OFF;
Insert into SUBWAY.TBL_ATTACH (UUID,UPLOADPATH,FILENAME,FILETYPE,NNO) values ('e1e832c5-9af3-44e7-94c6-d74c4dfacecb','2021\07\04','사랑의불시착.jpg','1',1);
Insert into SUBWAY.TBL_ATTACH (UUID,UPLOADPATH,FILENAME,FILETYPE,NNO) values ('2735e83d-7815-4159-9966-232fb2368349','2021\07\04','라이브온.png','1',2);
Insert into SUBWAY.TBL_ATTACH (UUID,UPLOADPATH,FILENAME,FILETYPE,NNO) values ('e543a60c-c8bb-4664-9518-698b1d39bc2d','2021\07\04','금요일금요일밤에.jpg','1',3);
Insert into SUBWAY.TBL_ATTACH (UUID,UPLOADPATH,FILENAME,FILETYPE,NNO) values ('e1e832c5-9af3-44e7-94c6-d74c4dfacecb','2021\07\04','사랑의불시착.jpg','1',4);
Insert into SUBWAY.TBL_ATTACH (UUID,UPLOADPATH,FILENAME,FILETYPE,NNO) values ('e1e832c5-9af3-44e7-94c6-d74c4dfacecb','2021\07\04','사랑의불시착.jpg','1',5);
Insert into SUBWAY.TBL_ATTACH (UUID,UPLOADPATH,FILENAME,FILETYPE,NNO) values ('e1e832c5-9af3-44e7-94c6-d74c4dfacecb','2021\07\04','사랑의불시착.jpg','1',6);
Insert into SUBWAY.TBL_ATTACH (UUID,UPLOADPATH,FILENAME,FILETYPE,NNO) values ('516c839f-c6ad-431a-b735-d5130880cae4','2021\07\04','써브웨이 스탬프.jpg','1',7);
Insert into SUBWAY.TBL_ATTACH (UUID,UPLOADPATH,FILENAME,FILETYPE,NNO) values ('820831a7-7626-488d-b8c3-9211285f5866','2021\07\04','간떨어지는동거.png','1',8);
Insert into SUBWAY.TBL_ATTACH (UUID,UPLOADPATH,FILENAME,FILETYPE,NNO) values ('6acd94a6-592d-4983-8603-dbd8fd71888e','2021\07\04','오!삼광빌라!.png','1',9);
Insert into SUBWAY.TBL_ATTACH (UUID,UPLOADPATH,FILENAME,FILETYPE,NNO) values ('85af2d4e-cb3f-4fc5-bed7-d717170aa78f','2021\07\04','식스센스.png','1',10);
Insert into SUBWAY.TBL_ATTACH (UUID,UPLOADPATH,FILENAME,FILETYPE,NNO) values ('152a4a6e-701a-41e3-a9c6-d0d79df3309a','2021\07\04','가격인상.jpg','1',11);
Insert into SUBWAY.TBL_ATTACH (UUID,UPLOADPATH,FILENAME,FILETYPE,NNO) values ('5e509472-80a1-4e82-8607-1c6739c388f0','2021\07\04','써브웨이 앱.png','1',12);
Insert into SUBWAY.TBL_ATTACH (UUID,UPLOADPATH,FILENAME,FILETYPE,NNO) values ('e78078da-eb1a-420c-aa23-e9998e89c2f9','2021\07\04','라이브온.png','1',13);
Insert into SUBWAY.TBL_ATTACH (UUID,UPLOADPATH,FILENAME,FILETYPE,NNO) values ('37655609-529c-466a-b1ed-f85f13397253','2021/07/05','ㅎㅗㄴㅎㅏㅂB_QRㅋㅗㄷㅡ.pdf','0',14);
Insert into SUBWAY.TBL_ATTACH (UUID,UPLOADPATH,FILENAME,FILETYPE,NNO) values ('c3b87d7a-a16e-4d60-9976-ef8ef67ebbe9','2021/07/05','ㅅㅡㅋㅡㄹㅣㄴㅅㅑㅅ 2021-06-28 ㅇㅗㅈㅓㄴ 2.42.41.png','1',14);
Insert into SUBWAY.TBL_ATTACH (UUID,UPLOADPATH,FILENAME,FILETYPE,NNO) values ('0d372004-11a5-46ae-b920-7e23f9fa3cc7','2021/07/05','KakaoTalk_Photo_2021-07-05-15-11-14.jpeg','1',14);
Insert into SUBWAY.TBL_ATTACH (UUID,UPLOADPATH,FILENAME,FILETYPE,NNO) values ('2ac93751-8978-4503-806a-2dd0fa1e199f','2021/07/05','KakaoTalk_Photo_2021-07-05-15-11-14.jpeg','1',14);
Insert into SUBWAY.TBL_ATTACH (UUID,UPLOADPATH,FILENAME,FILETYPE,NNO) values ('24384f1d-32b4-4e26-b04c-d704deff35b6','2021/07/05','communication.png','1',15);
REM INSERTING into SUBWAY.PERSISTENT_LOGINS
SET DEFINE OFF;
REM INSERTING into SUBWAY.TBL_STORE
SET DEFINE OFF;
Insert into SUBWAY.TBL_STORE (SNO,SNAME,SADRESS,STEL,LATITUDE,HARDNESS) values (1,'학동역','서울 강남구 학동로 171','02-515-1014',37.514039567899225,127.0297071380261);
Insert into SUBWAY.TBL_STORE (SNO,SNAME,SADRESS,STEL,LATITUDE,HARDNESS) values (2,'상봉역','서울특별시 중랑구 망우로 316','02-432-2938',37.596494867798974,127.08761595785398);
Insert into SUBWAY.TBL_STORE (SNO,SNAME,SADRESS,STEL,LATITUDE,HARDNESS) values (3,'애오개','서울특별시 마포구 마포대로 180','02-702-7672',37.55022812380014,126.95546514621111);
Insert into SUBWAY.TBL_STORE (SNO,SNAME,SADRESS,STEL,LATITUDE,HARDNESS) values (4,'수원역사','경기도 수원시 팔달구 덕영대로924','031-240-0889',37.265802471767984,127.00026775384435);
Insert into SUBWAY.TBL_STORE (SNO,SNAME,SADRESS,STEL,LATITUDE,HARDNESS) values (5,'부천원종','경기도 부천시 소사로 742','070-7762-7770',37.522293695442855,126.80530365138549);
REM INSERTING into SUBWAY.TBL_NOTICE
SET DEFINE OFF;
Insert into SUBWAY.TBL_NOTICE (NNO,TITLE,CONTENT,REGDATE,URL) values (1,'써브웨이와 함께하는 JTBC"사랑의 불시착"',null,to_date('21/07/05','RR/MM/DD'),null);
Insert into SUBWAY.TBL_NOTICE (NNO,TITLE,CONTENT,REGDATE,URL) values (2,'써브웨이와 함께하는 JTBC "라이브온"',null,to_date('21/07/05','RR/MM/DD'),null);
Insert into SUBWAY.TBL_NOTICE (NNO,TITLE,CONTENT,REGDATE,URL) values (3,'써브웨이와 함께하는 tvN "금요일금요일밤에"',null,to_date('21/07/05','RR/MM/DD'),null);
Insert into SUBWAY.TBL_NOTICE (NNO,TITLE,CONTENT,REGDATE,URL) values (4,'써브웨이와 함께하는 "청춘기록"',null,to_date('21/07/05','RR/MM/DD'),null);
Insert into SUBWAY.TBL_NOTICE (NNO,TITLE,CONTENT,REGDATE,URL) values (5,'추석 연휴 영업 안내',null,to_date('21/07/05','RR/MM/DD'),null);
Insert into SUBWAY.TBL_NOTICE (NNO,TITLE,CONTENT,REGDATE,URL) values (6,'설 연휴 영업 안내',null,to_date('21/07/05','RR/MM/DD'),null);
Insert into SUBWAY.TBL_NOTICE (NNO,TITLE,CONTENT,REGDATE,URL) values (7,'써브웨이 스탬프 쿠폰 종료 안내',null,to_date('21/07/05','RR/MM/DD'),null);
Insert into SUBWAY.TBL_NOTICE (NNO,TITLE,CONTENT,REGDATE,URL) values (8,'써브웨이와 함께하는 tvN "간떨어지는동거"',null,to_date('21/07/05','RR/MM/DD'),null);
Insert into SUBWAY.TBL_NOTICE (NNO,TITLE,CONTENT,REGDATE,URL) values (9,'써브웨이와 함께하는 KBS "오!삼광빌라"',null,to_date('21/07/05','RR/MM/DD'),null);
Insert into SUBWAY.TBL_NOTICE (NNO,TITLE,CONTENT,REGDATE,URL) values (10,'써브웨이와 함께하는 tvN "식스센스"',null,to_date('21/07/05','RR/MM/DD'),null);
Insert into SUBWAY.TBL_NOTICE (NNO,TITLE,CONTENT,REGDATE,URL) values (11,'써브웨이 2021년 5월 가격 인상 안내',null,to_date('21/07/05','RR/MM/DD'),null);
Insert into SUBWAY.TBL_NOTICE (NNO,TITLE,CONTENT,REGDATE,URL) values (12,'써브웨이 앱 출시 및 앱 사용 불가 매장 안내','써브웨이 앱이 출시되었습니다. ',to_date('21/07/05','RR/MM/DD'),null);
Insert into SUBWAY.TBL_NOTICE (NNO,TITLE,CONTENT,REGDATE,URL) values (13,'써브웨이와 함께하는 JTBC "라이브온"','써브웨이와 함께하는 JTBC "라이브온" 많은 시청 부탁드립니다.',to_date('21/07/05','RR/MM/DD'),null);
Insert into SUBWAY.TBL_NOTICE (NNO,TITLE,CONTENT,REGDATE,URL) values (14,'써브웨이와 함께하는 테스트!',null,to_date('21/07/05','RR/MM/DD'),null);
REM INSERTING into SUBWAY.TBL_USER
SET DEFINE OFF;
Insert into SUBWAY.TBL_USER (USERID,USERPW,USERNAME,USEREMAIL,USERADDRESS,REGDATE,AUTH,ENABLED) values ('bbb','$2a$10$a.cEphAtpbl2FTlfDkioUu0lA8c.VLvAG18xMz91mAmnF2pIAsH5S',null,null,null,to_date('21/05/31','RR/MM/DD'),'ROLE_USER','1');
Insert into SUBWAY.TBL_USER (USERID,USERPW,USERNAME,USEREMAIL,USERADDRESS,REGDATE,AUTH,ENABLED) values ('user0','$2a$10$pFp7j9M1PnF6wEbuL7Vln.8GZBUPRvwwAnDCprIflrK8D3M0mpRrq','일반사용자0',null,null,to_date('21/05/24','RR/MM/DD'),'ROLE_USER','1');
Insert into SUBWAY.TBL_USER (USERID,USERPW,USERNAME,USEREMAIL,USERADDRESS,REGDATE,AUTH,ENABLED) values ('user1','$2a$10$V7VFGOwFwA8Rgt/x4pNysu7vBKorKvsX/mMY9w/N702ED0JT26CBm','일반사용자1',null,null,to_date('21/05/24','RR/MM/DD'),'ROLE_USER','1');
Insert into SUBWAY.TBL_USER (USERID,USERPW,USERNAME,USEREMAIL,USERADDRESS,REGDATE,AUTH,ENABLED) values ('user2','$2a$10$jVuqQt01tXY3N6MZ0yEJ9ewn6wGsyKyX11dE.xqRDShvhC6sLx5M.','일반사용자2',null,null,to_date('21/05/24','RR/MM/DD'),'ROLE_USER','1');
Insert into SUBWAY.TBL_USER (USERID,USERPW,USERNAME,USEREMAIL,USERADDRESS,REGDATE,AUTH,ENABLED) values ('user3','$2a$10$zlfl0aBDWU11TY1sSnFRve1nyPDYxrFithYPEo2eYLSbJ6Pr49Bwy','일반사용자3',null,null,to_date('21/05/24','RR/MM/DD'),'ROLE_USER','1');
Insert into SUBWAY.TBL_USER (USERID,USERPW,USERNAME,USEREMAIL,USERADDRESS,REGDATE,AUTH,ENABLED) values ('user4','$2a$10$094aR0q75ShhRNv9hVW5d.hCahCg4Z7NUN3q0WioA71xSOBPjEJe2','일반사용자4',null,null,to_date('21/05/24','RR/MM/DD'),'ROLE_USER','1');
Insert into SUBWAY.TBL_USER (USERID,USERPW,USERNAME,USEREMAIL,USERADDRESS,REGDATE,AUTH,ENABLED) values ('user5','$2a$10$Xrh72tYbb4704X7Q5zqYGeXnt8w4oHcG74WqDxL3YrvoTFJbzcz7a','일반사용자5',null,null,to_date('21/05/24','RR/MM/DD'),'ROLE_USER','1');
Insert into SUBWAY.TBL_USER (USERID,USERPW,USERNAME,USEREMAIL,USERADDRESS,REGDATE,AUTH,ENABLED) values ('user6','$2a$10$QxiJih9eiF4lzs3u3mxWQ.CxIzNU3BdZGnxwL44Ktc4t..47e/EN6','일반사용자6',null,null,to_date('21/05/24','RR/MM/DD'),'ROLE_USER','1');
Insert into SUBWAY.TBL_USER (USERID,USERPW,USERNAME,USEREMAIL,USERADDRESS,REGDATE,AUTH,ENABLED) values ('user7','$2a$10$GBB8dR8udjJnsYnIVXOs2e5gdkzzdKtEeIKek/s8JudCu8l0FBzn.','일반사용자7',null,null,to_date('21/05/24','RR/MM/DD'),'ROLE_USER','1');
Insert into SUBWAY.TBL_USER (USERID,USERPW,USERNAME,USEREMAIL,USERADDRESS,REGDATE,AUTH,ENABLED) values ('user8','$2a$10$X6GD0vSbtiBFbwMRLEO7g./hfmZF2mXHvL.flf0.tkhbI3OKdYWCO','일반사용자8',null,null,to_date('21/05/24','RR/MM/DD'),'ROLE_USER','1');
Insert into SUBWAY.TBL_USER (USERID,USERPW,USERNAME,USEREMAIL,USERADDRESS,REGDATE,AUTH,ENABLED) values ('user9','$2a$10$JTW4WOtZ8QW4oVafb5kN4eB93OmHCRhf9mj6JeXhxM9k3vubO3bRa','일반사용자9',null,null,to_date('21/05/24','RR/MM/DD'),'ROLE_USER','1');
Insert into SUBWAY.TBL_USER (USERID,USERPW,USERNAME,USEREMAIL,USERADDRESS,REGDATE,AUTH,ENABLED) values ('user10','$2a$10$sXIIvDESPCYTB/f0klN6QetQ8xNfBSYGGphvL0zvojJfT8XCU4osi','일반사용자10',null,null,to_date('21/05/24','RR/MM/DD'),'ROLE_USER','1');
Insert into SUBWAY.TBL_USER (USERID,USERPW,USERNAME,USEREMAIL,USERADDRESS,REGDATE,AUTH,ENABLED) values ('user11','$2a$10$iyegN/83ALkJeVXWV6Jm5eRRT5ZutgpsAHm8rCAeYQzI0LHQ3XLdG','일반사용자11',null,null,to_date('21/05/24','RR/MM/DD'),'ROLE_USER','1');
Insert into SUBWAY.TBL_USER (USERID,USERPW,USERNAME,USEREMAIL,USERADDRESS,REGDATE,AUTH,ENABLED) values ('user12','$2a$10$EuEAhVBLuhyLkcU/T6/kHOkFGjrY9ns95LOaC.NMiSHXFL4qb.TTC','일반사용자12',null,null,to_date('21/05/24','RR/MM/DD'),'ROLE_USER','1');
Insert into SUBWAY.TBL_USER (USERID,USERPW,USERNAME,USEREMAIL,USERADDRESS,REGDATE,AUTH,ENABLED) values ('user13','$2a$10$u6tAJST/yOEbtJUi.1vCGuMYte1/bWIU8fqpOXzM5uF5P751cRIdW','일반사용자13',null,null,to_date('21/05/24','RR/MM/DD'),'ROLE_USER','1');
Insert into SUBWAY.TBL_USER (USERID,USERPW,USERNAME,USEREMAIL,USERADDRESS,REGDATE,AUTH,ENABLED) values ('user14','$2a$10$YT98.azWaHNURsN/y5UOcOYIp6DcClPD4pCZ9gqedFbIbwNQpG9bm','일반사용자14',null,null,to_date('21/05/24','RR/MM/DD'),'ROLE_USER','1');
Insert into SUBWAY.TBL_USER (USERID,USERPW,USERNAME,USEREMAIL,USERADDRESS,REGDATE,AUTH,ENABLED) values ('user15','$2a$10$sXhlO9c1PGJncVj7D6uJQuJG4XWqBxVAESjvtWxEY4YB/gaObor.m','일반사용자15',null,null,to_date('21/05/24','RR/MM/DD'),'ROLE_USER','1');
Insert into SUBWAY.TBL_USER (USERID,USERPW,USERNAME,USEREMAIL,USERADDRESS,REGDATE,AUTH,ENABLED) values ('user16','$2a$10$uKBmnfII94D8vStwJVPEHONns7l.Aa195.zHhVPk6PYMFXAdavBXG','일반사용자16',null,null,to_date('21/05/24','RR/MM/DD'),'ROLE_USER','1');
Insert into SUBWAY.TBL_USER (USERID,USERPW,USERNAME,USEREMAIL,USERADDRESS,REGDATE,AUTH,ENABLED) values ('user17','$2a$10$Bf/w/fGPqEfoowZV5qD1Hu8DW5vTtKCXn3rt/OvOdXiqVaf.VgE5C','일반사용자17',null,null,to_date('21/05/24','RR/MM/DD'),'ROLE_USER','1');
Insert into SUBWAY.TBL_USER (USERID,USERPW,USERNAME,USEREMAIL,USERADDRESS,REGDATE,AUTH,ENABLED) values ('user18','$2a$10$cXyt8Y3PkNVa8f6b25xpzuNWVISZchGtMQCOjRhZcfDc5QeJqsr/K','일반사용자18',null,null,to_date('21/05/24','RR/MM/DD'),'ROLE_USER','1');
Insert into SUBWAY.TBL_USER (USERID,USERPW,USERNAME,USEREMAIL,USERADDRESS,REGDATE,AUTH,ENABLED) values ('user19','$2a$10$nTRDqbI3T46eQ.Y3SABvpux4N9uPYqbWQZUCPw.TeYfkgrfKxzBK.','일반사용자19',null,null,to_date('21/05/24','RR/MM/DD'),'ROLE_USER','1');
Insert into SUBWAY.TBL_USER (USERID,USERPW,USERNAME,USEREMAIL,USERADDRESS,REGDATE,AUTH,ENABLED) values ('admin20','$2a$10$Q.UhunV/ADoVgmWIsXw9BecsNLdiMPSsRIiUHr/B2vGUpQQSjDUQS','관리자20',null,null,to_date('21/05/24','RR/MM/DD'),'ROLE_ADMIN','1');
Insert into SUBWAY.TBL_USER (USERID,USERPW,USERNAME,USEREMAIL,USERADDRESS,REGDATE,AUTH,ENABLED) values ('admin21','$2a$10$Pjbvr6nnpNxXV3pHJJhEeOl2Ac9Iu.jr3AUw//MTYoqWPnaUmhNEq','관리자21',null,null,to_date('21/05/24','RR/MM/DD'),'ROLE_ADMIN','1');
Insert into SUBWAY.TBL_USER (USERID,USERPW,USERNAME,USEREMAIL,USERADDRESS,REGDATE,AUTH,ENABLED) values ('admin22','$2a$10$vZUBWpT8vf7agXR2HuJR8.UbcLwg.qu3BTTcVvjTSen59AR/gTh1i','관리자22',null,null,to_date('21/05/24','RR/MM/DD'),'ROLE_ADMIN','1');
Insert into SUBWAY.TBL_USER (USERID,USERPW,USERNAME,USEREMAIL,USERADDRESS,REGDATE,AUTH,ENABLED) values ('admin23','$2a$10$LcnpPzy54m6WtgIy.EZRxukaGtYAQhzDUXQj54pC6pEhKwujEMJSK','관리자23',null,null,to_date('21/05/24','RR/MM/DD'),'ROLE_ADMIN','1');
Insert into SUBWAY.TBL_USER (USERID,USERPW,USERNAME,USEREMAIL,USERADDRESS,REGDATE,AUTH,ENABLED) values ('admin24','$2a$10$rBDtYmnGwV.WsbeNY.IsQ.Gv0266S794m6l1JYVV7g5yINfiPePRi','관리자24',null,null,to_date('21/05/24','RR/MM/DD'),'ROLE_ADMIN','1');
Insert into SUBWAY.TBL_USER (USERID,USERPW,USERNAME,USEREMAIL,USERADDRESS,REGDATE,AUTH,ENABLED) values ('admin25','$2a$10$BcYeF.ETyQVRnuX0aj7h0OYJmNYvQiCUwQLcrg6hxEhBP7924HlJa','관리자25',null,null,to_date('21/05/24','RR/MM/DD'),'ROLE_ADMIN','1');
Insert into SUBWAY.TBL_USER (USERID,USERPW,USERNAME,USEREMAIL,USERADDRESS,REGDATE,AUTH,ENABLED) values ('admin26','$2a$10$9soRsXYMT2AhBAvSdYuTPO2r8DouIIcG0EjJiU0kyG0HcVn9zapGG','관리자26',null,null,to_date('21/05/24','RR/MM/DD'),'ROLE_ADMIN','1');
Insert into SUBWAY.TBL_USER (USERID,USERPW,USERNAME,USEREMAIL,USERADDRESS,REGDATE,AUTH,ENABLED) values ('admin27','$2a$10$NqphTE1nSiujbQnPazJps.oXrgBvezZM9bd.fy8Wr861Xp568mlj.','관리자27',null,null,to_date('21/05/24','RR/MM/DD'),'ROLE_ADMIN','1');
Insert into SUBWAY.TBL_USER (USERID,USERPW,USERNAME,USEREMAIL,USERADDRESS,REGDATE,AUTH,ENABLED) values ('admin28','$2a$10$pHV9sMfVpNoSTm5UhDFTNeLeT/KJcF7d9uqNH3cQL89XTNsbSacE2','관리자28',null,null,to_date('21/05/24','RR/MM/DD'),'ROLE_ADMIN','1');
Insert into SUBWAY.TBL_USER (USERID,USERPW,USERNAME,USEREMAIL,USERADDRESS,REGDATE,AUTH,ENABLED) values ('admin29','$2a$10$/pDAWqLgw1LHD2tp4bfzf.nvS3vJk.U3LssNCcy9TvfIFQ9mMRl1y','관리자29',null,null,to_date('21/05/24','RR/MM/DD'),'ROLE_ADMIN','1');
Insert into SUBWAY.TBL_USER (USERID,USERPW,USERNAME,USEREMAIL,USERADDRESS,REGDATE,AUTH,ENABLED) values ('testUser','$2a$10$nh2qS7VVywKty/l9kJBzGO.QvLWW8Ydjr10at/E.ollie7zkvFqPy',null,null,null,to_date('21/06/01','RR/MM/DD'),'ROLE_USER','1');
Insert into SUBWAY.TBL_USER (USERID,USERPW,USERNAME,USEREMAIL,USERADDRESS,REGDATE,AUTH,ENABLED) values ('testUser2','$2a$10$gNDWvmG9126fk3yiwQgJFeGZtMYqeyNjWpt5KrVDWzgeA1ZykdWmC',null,null,null,to_date('21/06/01','RR/MM/DD'),'ROLE_USER','1');
Insert into SUBWAY.TBL_USER (USERID,USERPW,USERNAME,USEREMAIL,USERADDRESS,REGDATE,AUTH,ENABLED) values ('123456','$2a$10$iK.fs686V3ngvI83idloheIJtHp./WgO.ZC2Ll5hwNkWkcRsOzrfK',null,null,null,to_date('21/07/05','RR/MM/DD'),'ROLE_USER','1');
Insert into SUBWAY.TBL_USER (USERID,USERPW,USERNAME,USEREMAIL,USERADDRESS,REGDATE,AUTH,ENABLED) values ('user00','$2a$10$VKqox.MeV3Nr7wmJLVzILeyBs.QXLrgeOhiaUgjgScBA.DfaJ8Ev6','김애리',null,'04036/서울 마포구 양화로 45/서울 마포구 서교동 490/ (서교동, 메세나폴리스)',to_date('21/07/05','RR/MM/DD'),'ROLE_USER','1');
Insert into SUBWAY.TBL_USER (USERID,USERPW,USERNAME,USEREMAIL,USERADDRESS,REGDATE,AUTH,ENABLED) values ('adfdsddasfddasdfdd','$2a$10$AvWx2aAy47jA/xi3RkkuV.q6Hj0JFFgDrGzq43YMcXBR9LzsLWxru',null,null,null,to_date('21/09/10','RR/MM/DD'),'ROLE_USER','1');
Insert into SUBWAY.TBL_USER (USERID,USERPW,USERNAME,USEREMAIL,USERADDRESS,REGDATE,AUTH,ENABLED) values ('asdfqefasdf','$2a$10$hk1CHf8893isGdqHejH/y.T2YmC30MTnRNGQFQHjVLEcE7hWe8Rvi',null,null,null,to_date('21/09/10','RR/MM/DD'),'ROLE_USER','1');
Insert into SUBWAY.TBL_USER (USERID,USERPW,USERNAME,USEREMAIL,USERADDRESS,REGDATE,AUTH,ENABLED) values ('admin98','$2a$10$TvtzcM0BrNUr.ss9fhKeqOl6ayJ5HJwNYrpFAeCz6BzAcnpclF476',null,null,null,to_date('21/09/10','RR/MM/DD'),'ROLE_USER','1');
Insert into SUBWAY.TBL_USER (USERID,USERPW,USERNAME,USEREMAIL,USERADDRESS,REGDATE,AUTH,ENABLED) values ('host01','$2a$10$uWMGJisfcM0DgUkvXHWin.yyaJnmR3eC5HPLVoKm3Tzt76riL1h2m',null,null,null,to_date('21/09/10','RR/MM/DD'),'ROLE_USER','1');
Insert into SUBWAY.TBL_USER (USERID,USERPW,USERNAME,USEREMAIL,USERADDRESS,REGDATE,AUTH,ENABLED) values ('test11','$2a$10$YMUYiQjxZ/rnTFwhBwx4SepICJnDYcPJ2YYzd1tS8xFeN.mz6/3.e','test11','test11@naver.com','08390/서울 구로구 디지털로 288/서울 구로구 구로동 212-8/ (구로동)',to_date('21/05/27','RR/MM/DD'),'ROLE_USER','1');
Insert into SUBWAY.TBL_USER (USERID,USERPW,USERNAME,USEREMAIL,USERADDRESS,REGDATE,AUTH,ENABLED) values ('admin100','$2a$10$Q/2F1b4ImWnklfHZA4aF1ujk/Mo.WEhAVsAiXhc2qrtyWl9FMMog2','asdf',null,'08390/서울 구로구 디지털로 288/서울 구로구 구로동 212-8/1층/ (구로동)',to_date('21/05/27','RR/MM/DD'),'ROLE_USER','1');
Insert into SUBWAY.TBL_USER (USERID,USERPW,USERNAME,USEREMAIL,USERADDRESS,REGDATE,AUTH,ENABLED) values ('zzzz','$2a$10$EeP3m9ypzziPtv56cL0nSenszNAwKLWO0Ap4ekXl0WtF93oJAaVdO',null,null,null,to_date('21/05/31','RR/MM/DD'),'ROLE_USER','1');
Insert into SUBWAY.TBL_USER (USERID,USERPW,USERNAME,USEREMAIL,USERADDRESS,REGDATE,AUTH,ENABLED) values ('aaa','$2a$10$jMGK5fZ5IVaQ0kecjJvmDuJ0PP9/JrDxSnPDRWCKH3x7EZPbSakIC',null,null,null,to_date('21/05/31','RR/MM/DD'),'ROLE_USER','1');
--------------------------------------------------------
--  DDL for Index SYS_C007094
--------------------------------------------------------

  CREATE UNIQUE INDEX "SUBWAY"."SYS_C007094" ON "SUBWAY"."TBL_CART" ("CNO") 
  PCTFREE 10 INITRANS 2 MAXTRANS 255 
  STORAGE(INITIAL 65536 NEXT 1048576 MINEXTENTS 1 MAXEXTENTS 2147483645
  PCTINCREASE 0 FREELISTS 1 FREELIST GROUPS 1 BUFFER_POOL DEFAULT FLASH_CACHE DEFAULT CELL_FLASH_CACHE DEFAULT)
  TABLESPACE "SYSTEM" ;
--------------------------------------------------------
--  DDL for Index SYS_C007063
--------------------------------------------------------

  CREATE UNIQUE INDEX "SUBWAY"."SYS_C007063" ON "SUBWAY"."PERSISTENT_LOGINS" ("SERIES") 
  PCTFREE 10 INITRANS 2 MAXTRANS 255 
  STORAGE(INITIAL 65536 NEXT 1048576 MINEXTENTS 1 MAXEXTENTS 2147483645
  PCTINCREASE 0 FREELISTS 1 FREELIST GROUPS 1 BUFFER_POOL DEFAULT FLASH_CACHE DEFAULT CELL_FLASH_CACHE DEFAULT)
  TABLESPACE "SYSTEM" ;
--------------------------------------------------------
--  DDL for Index SYS_C007088
--------------------------------------------------------

  CREATE UNIQUE INDEX "SUBWAY"."SYS_C007088" ON "SUBWAY"."TBL_STORE" ("SNO") 
  PCTFREE 10 INITRANS 2 MAXTRANS 255 
  STORAGE(INITIAL 65536 NEXT 1048576 MINEXTENTS 1 MAXEXTENTS 2147483645
  PCTINCREASE 0 FREELISTS 1 FREELIST GROUPS 1 BUFFER_POOL DEFAULT FLASH_CACHE DEFAULT CELL_FLASH_CACHE DEFAULT)
  TABLESPACE "SYSTEM" ;
--------------------------------------------------------
--  DDL for Index SYS_C007090
--------------------------------------------------------

  CREATE UNIQUE INDEX "SUBWAY"."SYS_C007090" ON "SUBWAY"."TBL_NOTICE" ("NNO") 
  PCTFREE 10 INITRANS 2 MAXTRANS 255 
  STORAGE(INITIAL 65536 NEXT 1048576 MINEXTENTS 1 MAXEXTENTS 2147483645
  PCTINCREASE 0 FREELISTS 1 FREELIST GROUPS 1 BUFFER_POOL DEFAULT FLASH_CACHE DEFAULT CELL_FLASH_CACHE DEFAULT)
  TABLESPACE "SYSTEM" ;
--------------------------------------------------------
--  DDL for Index SYS_C007073
--------------------------------------------------------

  CREATE UNIQUE INDEX "SUBWAY"."SYS_C007073" ON "SUBWAY"."TBL_USER" ("USERID") 
  PCTFREE 10 INITRANS 2 MAXTRANS 255 
  STORAGE(INITIAL 65536 NEXT 1048576 MINEXTENTS 1 MAXEXTENTS 2147483645
  PCTINCREASE 0 FREELISTS 1 FREELIST GROUPS 1 BUFFER_POOL DEFAULT FLASH_CACHE DEFAULT CELL_FLASH_CACHE DEFAULT)
  TABLESPACE "SYSTEM" ;
--------------------------------------------------------
--  Constraints for Table TBL_CART
--------------------------------------------------------

  ALTER TABLE "SUBWAY"."TBL_CART" ADD PRIMARY KEY ("CNO")
  USING INDEX PCTFREE 10 INITRANS 2 MAXTRANS 255 
  STORAGE(INITIAL 65536 NEXT 1048576 MINEXTENTS 1 MAXEXTENTS 2147483645
  PCTINCREASE 0 FREELISTS 1 FREELIST GROUPS 1 BUFFER_POOL DEFAULT FLASH_CACHE DEFAULT CELL_FLASH_CACHE DEFAULT)
  TABLESPACE "SYSTEM"  ENABLE;
  ALTER TABLE "SUBWAY"."TBL_CART" MODIFY ("PNO" NOT NULL ENABLE);
  ALTER TABLE "SUBWAY"."TBL_CART" MODIFY ("USERID" NOT NULL ENABLE);
  ALTER TABLE "SUBWAY"."TBL_CART" MODIFY ("CNO" NOT NULL ENABLE);
--------------------------------------------------------
--  Constraints for Table PERSISTENT_LOGINS
--------------------------------------------------------

  ALTER TABLE "SUBWAY"."PERSISTENT_LOGINS" ADD PRIMARY KEY ("SERIES")
  USING INDEX PCTFREE 10 INITRANS 2 MAXTRANS 255 
  STORAGE(INITIAL 65536 NEXT 1048576 MINEXTENTS 1 MAXEXTENTS 2147483645
  PCTINCREASE 0 FREELISTS 1 FREELIST GROUPS 1 BUFFER_POOL DEFAULT FLASH_CACHE DEFAULT CELL_FLASH_CACHE DEFAULT)
  TABLESPACE "SYSTEM"  ENABLE;
  ALTER TABLE "SUBWAY"."PERSISTENT_LOGINS" MODIFY ("LAST_USED" NOT NULL ENABLE);
  ALTER TABLE "SUBWAY"."PERSISTENT_LOGINS" MODIFY ("TOKEN" NOT NULL ENABLE);
  ALTER TABLE "SUBWAY"."PERSISTENT_LOGINS" MODIFY ("USERNAME" NOT NULL ENABLE);
--------------------------------------------------------
--  Constraints for Table TBL_STORE
--------------------------------------------------------

  ALTER TABLE "SUBWAY"."TBL_STORE" ADD PRIMARY KEY ("SNO")
  USING INDEX PCTFREE 10 INITRANS 2 MAXTRANS 255 
  STORAGE(INITIAL 65536 NEXT 1048576 MINEXTENTS 1 MAXEXTENTS 2147483645
  PCTINCREASE 0 FREELISTS 1 FREELIST GROUPS 1 BUFFER_POOL DEFAULT FLASH_CACHE DEFAULT CELL_FLASH_CACHE DEFAULT)
  TABLESPACE "SYSTEM"  ENABLE;
--------------------------------------------------------
--  Constraints for Table TBL_NOTICE
--------------------------------------------------------

  ALTER TABLE "SUBWAY"."TBL_NOTICE" ADD PRIMARY KEY ("NNO")
  USING INDEX PCTFREE 10 INITRANS 2 MAXTRANS 255 
  STORAGE(INITIAL 65536 NEXT 1048576 MINEXTENTS 1 MAXEXTENTS 2147483645
  PCTINCREASE 0 FREELISTS 1 FREELIST GROUPS 1 BUFFER_POOL DEFAULT FLASH_CACHE DEFAULT CELL_FLASH_CACHE DEFAULT)
  TABLESPACE "SYSTEM"  ENABLE;
  ALTER TABLE "SUBWAY"."TBL_NOTICE" MODIFY ("TITLE" NOT NULL ENABLE);
--------------------------------------------------------
--  Constraints for Table TBL_USER
--------------------------------------------------------

  ALTER TABLE "SUBWAY"."TBL_USER" ADD PRIMARY KEY ("USERID")
  USING INDEX PCTFREE 10 INITRANS 2 MAXTRANS 255 
  STORAGE(INITIAL 65536 NEXT 1048576 MINEXTENTS 1 MAXEXTENTS 2147483645
  PCTINCREASE 0 FREELISTS 1 FREELIST GROUPS 1 BUFFER_POOL DEFAULT FLASH_CACHE DEFAULT CELL_FLASH_CACHE DEFAULT)
  TABLESPACE "SYSTEM"  ENABLE;
  ALTER TABLE "SUBWAY"."TBL_USER" MODIFY ("AUTH" NOT NULL ENABLE);
  ALTER TABLE "SUBWAY"."TBL_USER" MODIFY ("USERPW" NOT NULL ENABLE);
--------------------------------------------------------
--  Ref Constraints for Table TBL_CART
--------------------------------------------------------

  ALTER TABLE "SUBWAY"."TBL_CART" ADD CONSTRAINT "TBL_CART_PNO_FK" FOREIGN KEY ("PNO")
	  REFERENCES "SUBWAY"."TBL_PRODUCT" ("PNO") ENABLE;
  ALTER TABLE "SUBWAY"."TBL_CART" ADD CONSTRAINT "TBL_CART_USERID_FK" FOREIGN KEY ("USERID")
	  REFERENCES "SUBWAY"."TBL_USER" ("USERID") ENABLE;
